day,pre_band_power_ar,pre_band_power_arima,pre_band_power,post_band_power,band_power_reduction_percent
16,0.6631878775524438,0.6631878775524438,0.6631878775524438,0.5646444763589453,14.859047417631036
17,0.6631878775524438,0.6631878775524438,0.6631878775524438,0.5646444763589453,14.859047417631036
18,0.6631878775524438,0.6631878775524438,0.6631878775524438,0.5646444763589453,14.859047417631036
